Title,Brand,Model,Year,KM,Location,Price
بي إم دبليو X2 2022 مستعم...,bmw,إم دبليو X2,2022,64027,دبي,61699
بي إم دبليو اكس1 2024 مست...,bmw,إم دبليو اكس1,2024,42432,دبي,134999
بي إم دبليو اكس6 2023 مست...,bmw,إم دبليو اكس6,2023,64298,دبي,194999
بي إم دبليو M8 Competitio...,bmw,إم دبليو M8 Competitio,2023,11396,دبي,339999
بي إم دبليو اكس1 2018 مست...,bmw,إم دبليو اكس1,2018,117873,دبي,45299
بي إم دبليو X2 2020 مستعم...,bmw,إم دبليو X2,2020,66545,دبي,58099
بي إم دبليو X7 2020 مستعم...,bmw,إم دبليو X7,2020,40109,دبي,172999
بي إم دبليو 2 سيريز كوبيه...,bmw,إم دبليو 2 سيريز كوبيه,2024,11000,دبي,98999
بي إم دبليو 2 سيريز كوبيه...,bmw,إم دبليو 2 سيريز كوبيه,2023,91000,دبي,119999
بي إم دبليو اكس1 2024 مست...,bmw,إم دبليو اكس1,2024,6400,دبي,139999
بي إم دبليو اكس1 2024 مست...,bmw,إم دبليو اكس1,2024,4700,دبي,139999
بي إم دبليو اكس4 2021 مست...,bmw,إم دبليو اكس4,2021,83000,دبي,136999
بي إم دبليو X2 2022 مستعم ...,bmw,إم دبليو X2,2022,64027,دبي,61699
بي إم دبليو اكس1 2024 مست ...,bmw,إم دبليو اكس1,2024,42432,دبي,134999
بي إم دبليو اكس6 2023 مست ...,bmw,إم دبليو اكس6,2023,64298,دبي,194999
بي إم دبليو M8 Competitio ...,bmw,إم دبليو M8 Competitio,2023,11396,دبي,339999
بي إم دبليو اكس1 2018 مست ...,bmw,إم دبليو اكس1,2018,117873,دبي,45299
بي إم دبليو X2 2020 مستعم ...,bmw,إم دبليو X2,2020,66545,دبي,58099
بي إم دبليو X7 2020 مستعم ...,bmw,إم دبليو X7,2020,40109,دبي,172999
بي إم دبليو 2 سيريز كوبيه ...,bmw,إم دبليو 2 سيريز كوبيه,2024,11000,دبي,98999
بي إم دبليو 2 سيريز كوبيه ...,bmw,إم دبليو 2 سيريز كوبيه,2023,91000,دبي,119999
بي إم دبليو اكس1 2024 مست ...,bmw,إم دبليو اكس1,2024,6400,دبي,139999
بي إم دبليو اكس1 2024 مست ...,bmw,إم دبليو اكس1,2024,4700,دبي,139999
بي إم دبليو اكس4 2021 مست ...,bmw,إم دبليو اكس4,2021,83000,دبي,136999
بي إم دبليو X2 2022 مستعم ...,bmw,إم دبليو X2,2022,64027,دبي,61699
بي إم دبليو اكس1 2024 مست ...,bmw,إم دبليو اكس1,2024,42432,دبي,134999
بي إم دبليو اكس6 2023 مست ...,bmw,إم دبليو اكس6,2023,64298,دبي,194999
بي إم دبليو M8 Competitio ...,bmw,إم دبليو M8 Competitio,2023,11396,دبي,339999
بي إم دبليو اكس1 2018 مست ...,bmw,إم دبليو اكس1,2018,117873,دبي,45299
بي إم دبليو X2 2020 مستعم ...,bmw,إم دبليو X2,2020,66545,دبي,58099
بي إم دبليو X7 2020 مستعم ...,bmw,إم دبليو X7,2020,40109,دبي,172999
بي إم دبليو 2 سيريز كوبيه ...,bmw,إم دبليو 2 سيريز كوبيه,2024,11000,دبي,98999
بي إم دبليو 2 سيريز كوبيه ...,bmw,إم دبليو 2 سيريز كوبيه,2023,91000,دبي,119999
بي إم دبليو اكس1 2024 مست ...,bmw,إم دبليو اكس1,2024,6400,دبي,139999
بي إم دبليو اكس1 2024 مست ...,bmw,إم دبليو اكس1,2024,4700,دبي,139999
بي إم دبليو اكس4 2021 مست ...,bmw,إم دبليو اكس4,2021,83000,دبي,136999
فورد إيدج 2021 مستعملة...,ford,إيدج,2021,133467,دبي,63599
فورد إكسبيديشن 2022 مستعم...,ford,إكسبيديشن,2022,77283,دبي,142199
فورد Territory 2025 مستعم...,ford,Territory,2025,26697,دبي,87999
فورد أف-150 2023 مستعملة...,ford,أف-150,2023,31412,دبي,151399
فورد Everest 2025 مستعملة...,ford,Everest,2025,20031,دبي,121999
فورد رينجر 2025 مستعملة...,ford,رينجر,2025,15317,دبي,207899
فورد Territory 2024 مستعم...,ford,Territory,2024,18117,دبي,83299
فورد Territory 2025 مستعم...,ford,Territory,2025,55036,دبي,83499
فورد إكسبيديشن 2024 مستعم...,ford,إكسبيديشن,2024,9208,دبي,196899
فورد Bronco 2022 مستعملة...,ford,Bronco,2022,49428,دبي,149999
فورد إكسبلورر 2018 مستعمل...,ford,إكسبلورر,2018,113352,دبي,33599
فورد رينجر رابتور 3-0t-do...,ford,رينجر رابتور 3-0t-do,2023,99733,دبي,163999
فورد إيدج 2021 مستعملة...,ford,إيدج,2021,133467,دبي,63599
فورد إكسبيديشن 2022 مستعم...,ford,إكسبيديشن,2022,77283,دبي,142199
فورد Territory 2025 مستعم...,ford,Territory,2025,26697,دبي,87999
فورد أف-150 2023 مستعملة...,ford,أف-150,2023,31412,دبي,151399
فورد Everest 2025 مستعملة...,ford,Everest,2025,20031,دبي,121999
فورد رينجر 2025 مستعملة...,ford,رينجر,2025,15317,دبي,207899
فورد Territory 2024 مستعم...,ford,Territory,2024,18117,دبي,83299
فورد Territory 2025 مستعم...,ford,Territory,2025,55036,دبي,83499
فورد إكسبيديشن 2024 مستعم...,ford,إكسبيديشن,2024,9208,دبي,196899
فورد Bronco 2022 مستعملة...,ford,Bronco,2022,49428,دبي,149999
فورد إكسبلورر 2018 مستعمل...,ford,إكسبلورر,2018,113352,دبي,33599
فورد رينجر رابتور 3-0t-do...,ford,رينجر رابتور 3-0t-do,2023,99733,دبي,163999
فورد إيدج 2021 مستعملة...,ford,إيدج,2021,133467,دبي,63599
فورد إكسبيديشن 2022 مستعم...,ford,إكسبيديشن,2022,77283,دبي,142199
فورد Territory 2025 مستعم...,ford,Territory,2025,26697,دبي,87999
فورد أف-150 2023 مستعملة...,ford,أف-150,2023,31412,دبي,151399
فورد Everest 2025 مستعملة...,ford,Everest,2025,20031,دبي,121999
فورد رينجر 2025 مستعملة...,ford,رينجر,2025,15317,دبي,207899
فورد Territory 2024 مستعم...,ford,Territory,2024,18117,دبي,83299
فورد Territory 2025 مستعم...,ford,Territory,2025,55036,دبي,83499
فورد إكسبيديشن 2024 مستعم...,ford,إكسبيديشن,2024,9208,دبي,196899
فورد Bronco 2022 مستعملة...,ford,Bronco,2022,49428,دبي,149999
فورد إكسبلورر 2018 مستعمل...,ford,إكسبلورر,2018,113352,دبي,33599
فورد رينجر رابتور 3-0t-do...,ford,رينجر رابتور 3-0t-do,2023,99733,دبي,163999
هيونداي سانتافيه 2023 مست...,hyundai,سانتافيه,2023,58890,دبي,64499
هيونداي كونا 2019 مستعملة...,hyundai,كونا,2019,155610,دبي,27799
هيونداي إلنترا 2024 مستعم...,hyundai,إلنترا,2024,48287,دبي,48999
هيونداي باليسايد 2022 مست...,hyundai,باليسايد,2022,44476,دبي,97899
هيونداي توسان 2024 مستعمل...,hyundai,توسان,2024,52038,دبي,69799
هيونداي أكسينت 2025 مستعم...,hyundai,أكسينت,2025,44387,دبي,45999
هيونداي سانتافيه 2024 مست...,hyundai,سانتافيه,2024,47681,دبي,124399
هيونداي باليسايد 2024 مست...,hyundai,باليسايد,2024,56275,دبي,135999
هيونداي إلنترا 2023 مستعم...,hyundai,إلنترا,2023,92534,دبي,46999
هيونداي كريتا 2022 مستعمل...,hyundai,كريتا,2022,12490,دبي,48999
هيونداي توسان 2024 مستعمل...,hyundai,توسان,2024,23640,دبي,70999
هيونداي باليسايد 2022 مست...,hyundai,باليسايد,2022,50900,دبي,119000
هيونداي سانتافيه 2023 مست...,hyundai,سانتافيه,2023,58890,دبي,64499
هيونداي كونا 2019 مستعملة...,hyundai,كونا,2019,155610,دبي,27799
هيونداي إلنترا 2024 مستعم...,hyundai,إلنترا,2024,48287,دبي,48999
هيونداي باليسايد 2022 مست...,hyundai,باليسايد,2022,44476,دبي,97899
هيونداي توسان 2024 مستعمل...,hyundai,توسان,2024,52038,دبي,69799
هيونداي أكسينت 2025 مستعم...,hyundai,أكسينت,2025,44387,دبي,45999
هيونداي سانتافيه 2024 مست...,hyundai,سانتافيه,2024,47681,دبي,124399
هيونداي باليسايد 2024 مست...,hyundai,باليسايد,2024,56275,دبي,135999
هيونداي إلنترا 2023 مستعم...,hyundai,إلنترا,2023,92534,دبي,46999
هيونداي كريتا 2022 مستعمل...,hyundai,كريتا,2022,12490,دبي,48999
هيونداي توسان 2024 مستعمل...,hyundai,توسان,2024,23640,دبي,70999
هيونداي باليسايد 2022 مست...,hyundai,باليسايد,2022,50900,دبي,119000
هيونداي سانتافيه 2023 مست...,hyundai,سانتافيه,2023,58890,دبي,64499
هيونداي كونا 2019 مستعملة...,hyundai,كونا,2019,155610,دبي,27799
هيونداي إلنترا 2024 مستعم...,hyundai,إلنترا,2024,48287,دبي,48999
هيونداي باليسايد 2022 مست...,hyundai,باليسايد,2022,44476,دبي,97899
هيونداي توسان 2024 مستعمل...,hyundai,توسان,2024,52038,دبي,69799
هيونداي أكسينت 2025 مستعم...,hyundai,أكسينت,2025,44387,دبي,45999
هيونداي سانتافيه 2024 مست...,hyundai,سانتافيه,2024,47681,دبي,124399
هيونداي باليسايد 2024 مست...,hyundai,باليسايد,2024,56275,دبي,135999
هيونداي إلنترا 2023 مستعم...,hyundai,إلنترا,2023,92534,دبي,46999
هيونداي كريتا 2022 مستعمل...,hyundai,كريتا,2022,12490,دبي,48999
هيونداي توسان 2024 مستعمل...,hyundai,توسان,2024,23640,دبي,70999
هيونداي باليسايد 2022 مست...,hyundai,باليسايد,2022,50900,دبي,119000
مرسيدس بنز الفئة -إي 2019...,mercedes,بنز الفئة -إي,2019,121676,دبي,90299
مرسيدس بنز الفئة- جي أل إ...,mercedes,بنز الفئة- جي أل إ,2024,35450,دبي,285999
مرسيدس بنز الفئة أي 2024 ...,mercedes,بنز الفئة أي,2024,60959,دبي,114999
مرسيدس بنز الفئة- جي G 63...,mercedes,بنز الفئة- جي G 63,2019,96800,دبي,349999
مرسيدس بنز الفئة أي 2024 ...,mercedes,بنز الفئة أي,2024,53000,دبي,114999
مرسيدس بنز الفئة أي 2022 ...,mercedes,بنز الفئة أي,2022,31000,دبي,94999
مرسيدس بنز GLB 2023 مستعم...,mercedes,بنز GLB,2023,32000,دبي,154999
مرسيدس بنز GLB 2020 مستعم...,mercedes,بنز GLB,2020,97000,دبي,134999
مرسيدس بنز الفئة أي 2024 ...,mercedes,بنز الفئة أي,2024,6500,دبي,153999
مرسيدس بنز الفئة أي 2023 ...,mercedes,بنز الفئة أي,2023,44000,دبي,109999
مرسيدس بنز الفئة أي 2024 ...,mercedes,بنز الفئة أي,2024,56000,دبي,114999
مرسيدس بنز الفئة أي 2024 ...,mercedes,بنز الفئة أي,2024,59000,دبي,114999
مرسيدس بنز الفئة- جي G 63...,mercedes,بنز الفئة- جي G 63,2019,96800,دبي,349999
مرسيدس بنز الفئة أي 2024 ...,mercedes,بنز الفئة أي,2024,53000,دبي,114999
مرسيدس بنز الفئة أي 2022 ...,mercedes,بنز الفئة أي,2022,31000,دبي,94999
مرسيدس بنز الفئة - إي صلو...,mercedes,بنز الفئة - إي صلو,2020,90057,دبي,107199
مرسيدس بنز GLB 2023 مستعم...,mercedes,بنز GLB,2023,32000,دبي,154999
مرسيدس بنز GLB 2020 مستعم...,mercedes,بنز GLB,2020,97000,دبي,134999
مرسيدس بنز الفئة أي 2024 ...,mercedes,بنز الفئة أي,2024,6500,دبي,153999
مرسيدس بنز الفئة أي 2023 ...,mercedes,بنز الفئة أي,2023,44000,دبي,109999
مرسيدس بنز الفئة أي 2024 ...,mercedes,بنز الفئة أي,2024,56000,دبي,114999
مرسيدس بنز الفئة أي 2024 ...,mercedes,بنز الفئة أي,2024,59000,دبي,114999
مرسيدس بنز الفئة أي 2023 ...,mercedes,بنز الفئة أي,2023,38000,دبي,99999
مرسيدس بنز الفئة - سي ال ...,mercedes,بنز الفئة - سي ال,2024,49000,دبي,144999
مرسيدس بنز الفئة -إي 2019 ...,mercedes,بنز الفئة -إي,2019,121676,دبي,90299
مرسيدس بنز الفئة- جي أل إ ...,mercedes,بنز الفئة- جي أل إ,2024,35450,دبي,285999
مرسيدس بنز الفئة أي 2024 ...,mercedes,بنز الفئة أي,2024,60959,دبي,114999
مرسيدس بنز الفئة- جي G 63 ...,mercedes,بنز الفئة- جي G 63,2019,96800,دبي,349999
مرسيدس بنز الفئة أي 2024 ...,mercedes,بنز الفئة أي,2024,53000,دبي,114999
مرسيدس بنز الفئة أي 2022 ...,mercedes,بنز الفئة أي,2022,31000,دبي,94999
مرسيدس بنز GLB 2023 مستعم ...,mercedes,بنز GLB,2023,32000,دبي,154999
مرسيدس بنز GLB 2020 مستعم ...,mercedes,بنز GLB,2020,97000,دبي,134999
مرسيدس بنز الفئة أي 2024 ...,mercedes,بنز الفئة أي,2024,6500,دبي,153999
مرسيدس بنز الفئة أي 2023 ...,mercedes,بنز الفئة أي,2023,44000,دبي,109999
مرسيدس بنز الفئة أي 2024 ...,mercedes,بنز الفئة أي,2024,56000,دبي,114999
مرسيدس بنز الفئة أي 2024 ...,mercedes,بنز الفئة أي,2024,59000,دبي,114999
نيسان باترول LE Platinum ...,nissan,باترول LE Platinum,2024,38184,دبي,229999
نيسان باثفايندر SL 4WD 20...,nissan,باثفايندر SL 4WD 20,2024,25578,دبي,149999
نيسان إسكتيرا 2021 مستعمل...,nissan,إسكتيرا,2021,49245,دبي,63199
نيسان كيكس 2022 مستعملة...,nissan,كيكس,2022,93708,دبي,45999
نيسان إكس تريل 2019 مستعم...,nissan,إكس تريل,2019,115500,دبي,38899
نيسان كيكس 2024 مستعملة...,nissan,كيكس,2024,52309,دبي,50099
نيسان باثفايندر 2022 مستع...,nissan,باثفايندر,2022,83000,دبي,109999
نيسان صني 2023 مستعملة...,nissan,صني,2023,118655,دبي,24999
نيسان كيكس 2022 مستعملة...,nissan,كيكس,2022,114065,دبي,40399
نيسان إسكتيرا 2021 مستعمل...,nissan,إسكتيرا,2021,89902,دبي,75999
نيسان إسكتيرا 2022 مستعمل...,nissan,إسكتيرا,2022,93206,دبي,62499
نيسان إسكتيرا 2024 مستعمل...,nissan,إسكتيرا,2024,49388,دبي,94999
نيسان باترول LE Platinum ...,nissan,باترول LE Platinum,2024,38184,دبي,229999
نيسان باثفايندر SL 4WD 20...,nissan,باثفايندر SL 4WD 20,2024,25578,دبي,149999
نيسان إسكتيرا 2021 مستعمل...,nissan,إسكتيرا,2021,49245,دبي,63199
نيسان كيكس 2022 مستعملة...,nissan,كيكس,2022,93708,دبي,45999
نيسان إكس تريل 2019 مستعم...,nissan,إكس تريل,2019,115500,دبي,38899
نيسان كيكس 2024 مستعملة...,nissan,كيكس,2024,52309,دبي,50099
نيسان باثفايندر 2022 مستع...,nissan,باثفايندر,2022,83000,دبي,109999
نيسان صني 2023 مستعملة...,nissan,صني,2023,118655,دبي,24999
نيسان كيكس 2022 مستعملة...,nissan,كيكس,2022,114065,دبي,40399
نيسان إسكتيرا 2021 مستعمل...,nissan,إسكتيرا,2021,89902,دبي,75999
نيسان إسكتيرا 2022 مستعمل...,nissan,إسكتيرا,2022,93206,دبي,62499
نيسان إسكتيرا 2024 مستعمل...,nissan,إسكتيرا,2024,49388,دبي,94999
نيسان إكس تريل 2023 مستعم...,nissan,إكس تريل,2023,41886,دبي,83199
نيسان باترول 2020 مستعملة...,nissan,باترول,2020,70213,دبي,134899
نيسان باثفايندر 2020 مستع...,nissan,باثفايندر,2020,100554,دبي,54299
نيسان Z 2024 مستعملة...,nissan,Z,2024,21859,دبي,139499
نيسان إسكتيرا 2024 مستعمل...,nissan,إسكتيرا,2024,32397,دبي,81599
نيسان Magnite 2025 مستعمل...,nissan,Magnite,2025,11031,دبي,41999
نيسان إسكتيرا 2025 مستعمل...,nissan,إسكتيرا,2025,4121,دبي,84999
نيسان إسكتيرا 2025 مستعمل...,nissan,إسكتيرا,2025,6293,دبي,84999
نيسان باترول 2022 مستعملة...,nissan,باترول,2022,56057,دبي,149999
نيسان إكس تريل 2024 مستعم...,nissan,إكس تريل,2024,14388,دبي,98399
نيسان باثفايندر 2019 مستع...,nissan,باثفايندر,2019,129950,دبي,43499
نيسان باترول 2024 مستعملة...,nissan,باترول,2024,37220,دبي,226599
تويوتا لاند كروز برادو 20...,toyota,لاند كروز برادو 20,2020,67225,دبي,122799
تويوتا Corolla Cross 2025...,toyota,Corolla Cross,2025,70543,دبي,84999
تويوتا يارس 2022 مستعملة...,toyota,يارس,2022,72930,دبي,34299
تويوتا لاند كروز برادو 20...,toyota,لاند كروز برادو 20,2022,87000,دبي,157000
تويوتا كامري 2024 مستعملة...,toyota,كامري,2024,72000,دبي,109999
تويوتا لاند كروز 2022 مست...,toyota,لاند كروز,2022,69471,دبي,209999
تويوتا Corolla Cross 2024...,toyota,Corolla Cross,2024,37028,دبي,61999
تويوتا راف4 2024 مستعملة...,toyota,راف4,2024,24882,دبي,87999
تويوتا فورتشنر 2024 مستعم...,toyota,فورتشنر,2024,33346,دبي,101199
تويوتا Corolla Cross 2023...,toyota,Corolla Cross,2023,126288,دبي,60299
تويوتا فورتشنر 2023 مستعم...,toyota,فورتشنر,2023,92652,دبي,89799
تويوتا لاند كروز 2021 مست...,toyota,لاند كروز,2021,92446,دبي,191999
تويوتا لاند كروز برادو 20...,toyota,لاند كروز برادو 20,2020,67225,دبي,122799
تويوتا Corolla Cross 2025...,toyota,Corolla Cross,2025,70543,دبي,84999
تويوتا يارس 2022 مستعملة...,toyota,يارس,2022,72930,دبي,34299
تويوتا لاند كروز برادو 20...,toyota,لاند كروز برادو 20,2022,87000,دبي,157000
تويوتا كامري 2024 مستعملة...,toyota,كامري,2024,72000,دبي,109999
تويوتا لاند كروز 2022 مست...,toyota,لاند كروز,2022,69471,دبي,209999
تويوتا Corolla Cross 2024...,toyota,Corolla Cross,2024,37028,دبي,61999
تويوتا راف4 2024 مستعملة...,toyota,راف4,2024,24882,دبي,87999
تويوتا فورتشنر 2024 مستعم...,toyota,فورتشنر,2024,33346,دبي,101199
تويوتا Corolla Cross 2023...,toyota,Corolla Cross,2023,126288,دبي,60299
تويوتا فورتشنر 2023 مستعم...,toyota,فورتشنر,2023,92652,دبي,89799
تويوتا لاند كروز 2021 مست...,toyota,لاند كروز,2021,92446,دبي,191999
تويوتا لاند كروز برادو 20 ...,toyota,لاند كروز برادو 20,2020,67225,دبي,122799
تويوتا Corolla Cross 2025 ...,toyota,Corolla Cross,2025,70543,دبي,84999
تويوتا يارس 2022 مستعملة ...,toyota,يارس,2022,72930,دبي,34299
تويوتا لاند كروز برادو 20 ...,toyota,لاند كروز برادو 20,2022,87000,دبي,157000
تويوتا كامري 2024 مستعملة ...,toyota,كامري,2024,72000,دبي,109999
تويوتا لاند كروز 2022 مست ...,toyota,لاند كروز,2022,69471,دبي,209999
تويوتا Corolla Cross 2024 ...,toyota,Corolla Cross,2024,37028,دبي,61999
تويوتا راف4 2024 مستعملة ...,toyota,راف4,2024,24882,دبي,87999
تويوتا فورتشنر 2024 مستعم ...,toyota,فورتشنر,2024,33346,دبي,101199
تويوتا Corolla Cross 2023 ...,toyota,Corolla Cross,2023,126288,دبي,60299
تويوتا فورتشنر 2023 مستعم ...,toyota,فورتشنر,2023,92652,دبي,89799
تويوتا لاند كروز 2021 مست ...,toyota,لاند كروز,2021,92446,دبي,191999
